Workbook

Sheet Students_Cleaning
A1: student_id | B1: first_name | C1: last_name | D1: birth_date | E1: email | F1: phone | G1: group_id | H1: check_spaces | I1: check_birth_date | J1: check_missing | K1: check_group_id | L1: check_duplicate
A2: 1001 | B2: Aruzhan | C2: Nurlanova | D2: 38380 | E2: aruzhan.nurlanova@stud.univ.edu.kz | F2: +7 7010 318 36 16 | G2: 21 | H2: =IF(OR(B2<>TRIM(B2),C2<>TRIM(C2)),"extra space","OK") -> OK | I2: =IF(ISNUMBER(D2),"OK","not a date") -> OK | J2: =IF(COUNTBLANK(A2:G2)>0,"missing value","OK") -> OK | K2: =IF(ISNUMBER(G2),"OK","wrong format") -> OK | L2: =IF(COUNTIF($A$2:$A$32,A2)>1,"duplicate ID","OK") -> OK
A3: 1002 | B3: Nursultan | C3: Serikov | D3: 38921 | E3: nursultan.serikov@stud.univ.edu.kz | F3: +7 7060 529 19 82 | G3: 22 | H3: =IF(OR(B3<>TRIM(B3),C3<>TRIM(C3)),"extra space","OK") -> OK | I3: =IF(ISNUMBER(D3),"OK","not a date") -> OK | J3: =IF(COUNTBLANK(A3:G3)>0,"missing value","OK") -> OK | K3: =IF(ISNUMBER(G3),"OK","wrong format") -> OK | L3: =IF(COUNTIF($A$2:$A$32,A3)>1,"duplicate ID","OK") -> OK
A4: 1003 | B4: Dias | C4: Abdrakhmanov | D4: 38832 | E4: dias.abdrakhmanov@stud.univ.edu.kz | F4: +7 7044 444 21 49 | G4: 23 | H4: =IF(OR(B4<>TRIM(B4),C4<>TRIM(C4)),"extra space","OK") -> OK | I4: =IF(ISNUMBER(D4),"OK","not a date") -> OK | J4: =IF(COUNTBLANK(A4:G4)>0,"missing value","OK") -> OK | K4: =IF(ISNUMBER(G4),"OK","wrong format") -> OK | L4: =IF(COUNTIF($A$2:$A$32,A4)>1,"duplicate ID","OK") -> OK
A5: 1004 | B5: Aisha | C5: Kenzhebayeva | D5: 38366 | E5: aisha.kenzhebayeva@stud.univ.edu.kz | F5: +7 7025 237 41 22 | G5: 24 | H5: =IF(OR(B5<>TRIM(B5),C5<>TRIM(C5)),"extra space","OK") -> OK | I5: =IF(ISNUMBER(D5),"OK","not a date") -> OK | J5: =IF(COUNTBLANK(A5:G5)>0,"missing value","OK") -> OK | K5: =IF(ISNUMBER(G5),"OK","wrong format") -> OK | L5: =IF(COUNTIF($A$2:$A$32,A5)>1,"duplicate ID","OK") -> OK
A6: 1005 | B6: Yerkebulan | C6: Tokhtarov | D6: 38732 | E6: yerkebulan.tokhtarov@stud.univ.edu.kz | F6: +7 7072 281 97 81 | G6: 25 | H6: =IF(OR(B6<>TRIM(B6),C6<>TRIM(C6)),"extra space","OK") -> OK | I6: =IF(ISNUMBER(D6),"OK","not a date") -> OK | J6: =IF(COUNTBLANK(A6:G6)>0,"missing value","OK") -> OK | K6: =IF(ISNUMBER(G6),"OK","wrong format") -> OK | L6: =IF(COUNTIF($A$2:$A$32,A6)>1,"duplicate ID","OK") -> duplicate ID
A7: 1005 | B7: Yerkebulan | C7: Tokhtarov | D7: 38732 | E7: yerkebulan.tokhtarov@stud.univ.edu.kz | F7: +7 7072 281 97 81 | G7: 25 | H7: =IF(OR(B7<>TRIM(B7),C7<>TRIM(C7)),"extra space","OK") -> OK | I7: =IF(ISNUMBER(D7),"OK","not a date") -> OK | J7: =IF(COUNTBLANK(A7:G7)>0,"missing value","OK") -> OK | K7: =IF(ISNUMBER(G7),"OK","wrong format") -> OK | L7: =IF(COUNTIF($A$2:$A$32,A7)>1,"duplicate ID","OK") -> duplicate ID
A8: 1006 | B8: Dilnaz | C8: Muratova | D8: 39311 | E8: dilnaz.muratova@stud.univ.edu.kz | F8: +7 7034 849 26 63 | G8: 26 | H8: =IF(OR(B8<>TRIM(B8),C8<>TRIM(C8)),"extra space","OK") -> extra space | I8: =IF(ISNUMBER(D8),"OK","not a date") -> OK | J8: =IF(COUNTBLANK(A8:G8)>0,"missing value","OK") -> OK | K8: =IF(ISNUMBER(G8),"OK","wrong format") -> OK | L8: =IF(COUNTIF($A$2:$A$32,A8)>1,"duplicate ID","OK") -> OK
A9: 1007 | B9: Alikhan | C9: Baimukhanov | D9: 38537 | E9: alikhan.baimukhanov@stud.univ.edu.kz | F9: +7 7060 530 37 10 | G9: 27 | H9: =IF(OR(B9<>TRIM(B9),C9<>TRIM(C9)),"extra space","OK") -> OK | I9: =IF(ISNUMBER(D9),"OK","not a date") -> OK | J9: =IF(COUNTBLANK(A9:G9)>0,"missing value","OK") -> OK | K9: =IF(ISNUMBER(G9),"OK","wrong format") -> wrong format | L9: =IF(COUNTIF($A$2:$A$32,A9)>1,"duplicate ID","OK") -> OK
A10: 1008 | B10: Tomiris | C10: Yesenova | D10: 38635 | E10: tomiris.yesenova@stud.univ.edu.kz | F10: +7 7012 315 33 60 | G10: 28 | H10: =IF(OR(B10<>TRIM(B10),C10<>TRIM(C10)),"extra space","OK") -> OK | I10: =IF(ISNUMBER(D10),"OK","not a date") -> OK | J10: =IF(COUNTBLANK(A10:G10)>0,"missing value","OK") -> OK | K10: =IF(ISNUMBER(G10),"OK","wrong format") -> OK | L10: =IF(COUNTIF($A$2:$A$32,A10)>1,"duplicate ID","OK") -> OK
A11: 1009 | B11: Sanzhar | C11: Zhaksylykov | D11: 19.11.2006 | E11: sanzhar.zhaksylykov@stud.univ.edu.kz | F11: +7 7022 143 28 37 | G11: 29 | H11: =IF(OR(B11<>TRIM(B11),C11<>TRIM(C11)),"extra space","OK") -> OK | I11: =IF(ISNUMBER(D11),"OK","not a date") -> not a date | J11: =IF(COUNTBLANK(A11:G11)>0,"missing value","OK") -> OK | K11: =IF(ISNUMBER(G11),"OK","wrong format") -> OK | L11: =IF(COUNTIF($A$2:$A$32,A11)>1,"duplicate ID","OK") -> OK
A12: 1010 | B12: Ayaulym | C12: Kairatova | D12: 38838 | E12: ayaulym.kairatova@stud.univ.edu.kz | F12: +7 7052 950 47 59 | G12: 30 | H12: =IF(OR(B12<>TRIM(B12),C12<>TRIM(C12)),"extra space","OK") -> extra space | I12: =IF(ISNUMBER(D12),"OK","not a date") -> OK | J12: =IF(COUNTBLANK(A12:G12)>0,"missing value","OK") -> OK | K12: =IF(ISNUMBER(G12),"OK","wrong format") -> OK | L12: =IF(COUNTIF($A$2:$A$32,A12)>1,"duplicate ID","OK") -> OK
A13: 1011 | B13: Bekzat | C13: Amanov | D13: 39116 | E13: bekzat.amanov@stud.univ.edu.kz | F13: +7 7036 696 91 41 | G13: 31 | H13: =IF(OR(B13<>TRIM(B13),C13<>TRIM(C13)),"extra space","OK") -> OK | I13: =IF(ISNUMBER(D13),"OK","not a date") -> OK | J13: =IF(COUNTBLANK(A13:G13)>0,"missing value","OK") -> OK | K13: =IF(ISNUMBER(G13),"OK","wrong format") -> OK | L13: =IF(COUNTIF($A$2:$A$32,A13)>1,"duplicate ID","OK") -> OK
A14: 1012 | B14: Zarina | C14: Sultanova | D14: 39002 | E14: zarina.sultanova@stud.univ.edu.kz | F14: +7 7057 737 68 26 | G14: 32 | H14: =IF(OR(B14<>TRIM(B14),C14<>TRIM(C14)),"extra space","OK") -> OK | I14: =IF(ISNUMBER(D14),"OK","not a date") -> OK | J14: =IF(COUNTBLANK(A14:G14)>0,"missing value","OK") -> OK | K14: =IF(ISNUMBER(G14),"OK","wrong format") -> OK | L14: =IF(COUNTIF($A$2:$A$32,A14)>1,"duplicate ID","OK") -> OK
A15: 1013 | B15: Arman | C15: Bekov | D15: 38226 | E15: arman.bekov@stud.univ.edu.kz | F15: +7 7027 987 59 33 | G15: 33 | H15: =IF(OR(B15<>TRIM(B15),C15<>TRIM(C15)),"extra space","OK") -> OK | I15: =IF(ISNUMBER(D15),"OK","not a date") -> OK | J15: =IF(COUNTBLANK(A15:G15)>0,"missing value","OK") -> OK | K15: =IF(ISNUMBER(G15),"OK","wrong format") -> OK | L15: =IF(COUNTIF($A$2:$A$32,A15)>1,"duplicate ID","OK") -> OK
A16: 1014 | B16: Inkar | C16: Omarova | D16: 38786 | E16: inkar.omarova@stud.univ.edu.kz | F16: +7 7039 937 88 41 | G16: 34 | H16: =IF(OR(B16<>TRIM(B16),C16<>TRIM(C16)),"extra space","OK") -> OK | I16: =IF(ISNUMBER(D16),"OK","not a date") -> OK | J16: =IF(COUNTBLANK(A16:G16)>0,"missing value","OK") -> OK | K16: =IF(ISNUMBER(G16),"OK","wrong format") -> OK | L16: =IF(COUNTIF($A$2:$A$32,A16)>1,"duplicate ID","OK") -> OK
A17: 1015 | B17: Temirlan | C17: Kuanyshev | D17: 38448 | E17: temirlan.kuanyshev@stud.univ.edu.kz | F17: +7 7035 803 59 71 | G17: 35 | H17: =IF(OR(B17<>TRIM(B17),C17<>TRIM(C17)),"extra space","OK") -> OK | I17: =IF(ISNUMBER(D17),"OK","not a date") -> OK | J17: =IF(COUNTBLANK(A17:G17)>0,"missing value","OK") -> OK | K17: =IF(ISNUMBER(G17),"OK","wrong format") -> OK | L17: =IF(COUNTIF($A$2:$A$32,A17)>1,"duplicate ID","OK") -> OK
A18: 1016 | B18: Moldir | C18: Askarova | D18: 38031 | E18: moldir.askarova@stud.univ.edu.kz | F18: +7 7016 206 23 14 | G18: 21 | H18: =IF(OR(B18<>TRIM(B18),C18<>TRIM(C18)),"extra space","OK") -> OK | I18: =IF(ISNUMBER(D18),"OK","not a date") -> OK | J18: =IF(COUNTBLANK(A18:G18)>0,"missing value","OK") -> OK | K18: =IF(ISNUMBER(G18),"OK","wrong format") -> OK | L18: =IF(COUNTIF($A$2:$A$32,A18)>1,"duplicate ID","OK") -> OK
A19: 1017 | B19: Adil | C19: Dosmukhamedov | D19: 38480 | F19: +7 7060 363 63 86 | G19: 22 | H19: =IF(OR(B19<>TRIM(B19),C19<>TRIM(C19)),"extra space","OK") -> OK | I19: =IF(ISNUMBER(D19),"OK","not a date") -> OK | J19: =IF(COUNTBLANK(A19:G19)>0,"missing value","OK") -> missing value | K19: =IF(ISNUMBER(G19),"OK","wrong format") -> OK | L19: =IF(COUNTIF($A$2:$A$32,A19)>1,"duplicate ID","OK") -> OK
A20: 1018 | B20: Akbota | C20: Ibrayeva | D20: 39219 | E20: akbota.ibrayeva@stud.univ.edu.kz | F20: +7 7032 837 18 26 | G20: 23 | H20: =IF(OR(B20<>TRIM(B20),C20<>TRIM(C20)),"extra space","OK") -> OK | I20: =IF(ISNUMBER(D20),"OK","not a date") -> OK | J20: =IF(COUNTBLANK(A20:G20)>0,"missing value","OK") -> OK | K20: =IF(ISNUMBER(G20),"OK","wrong format") -> OK | L20: =IF(COUNTIF($A$2:$A$32,A20)>1,"duplicate ID","OK") -> OK
A21: 1019 | B21: Nurasyl | C21: Shaikenov | D21: 38582 | E21: nurasyl.shaikenov@stud.univ.edu.kz | F21: +7 7019 386 37 36 | G21: 24 | H21: =IF(OR(B21<>TRIM(B21),C21<>TRIM(C21)),"extra space","OK") -> OK | I21: =IF(ISNUMBER(D21),"OK","not a date") -> OK | J21: =IF(COUNTBLANK(A21:G21)>0,"missing value","OK") -> OK | K21: =IF(ISNUMBER(G21),"OK","wrong format") -> OK | L21: =IF(COUNTIF($A$2:$A$32,A21)>1,"duplicate ID","OK") -> OK
A22: 1020 | B22: Diana | C22: Alieva | D22: 38355 | E22: diana.alieva@stud.univ.edu.kz | F22: +7 7044 521 67 41 | G22: 25 | H22: =IF(OR(B22<>TRIM(B22),C22<>TRIM(C22)),"extra space","OK") -> OK | I22: =IF(ISNUMBER(D22),"OK","not a date") -> OK | J22: =IF(COUNTBLANK(A22:G22)>0,"missing value","OK") -> OK | K22: =IF(ISNUMBER(G22),"OK","wrong format") -> OK | L22: =IF(COUNTIF($A$2:$A$32,A22)>1,"duplicate ID","OK") -> OK
A23: 1021 | B23: Miras | C23: Zhunusov | D23: 39088 | E23: miras.zhunusov@stud.univ.edu.kz | F23: +7 7046 477 77 83 | G23: 26 | H23: =IF(OR(B23<>TRIM(B23),C23<>TRIM(C23)),"extra space","OK") -> OK | I23: =IF(ISNUMBER(D23),"OK","not a date") -> OK | J23: =IF(COUNTBLANK(A23:G23)>0,"missing value","OK") -> OK | K23: =IF(ISNUMBER(G23),"OK","wrong format") -> OK | L23: =IF(COUNTIF($A$2:$A$32,A23)>1,"duplicate ID","OK") -> OK
A24: 1022 | B24: Aidana | C24: Kaliyeva | D24: 38760 | E24: aidana.kaliyeva@stud.univ.edu.kz | F24: +7 7027 561 52 94 | G24: G-27 | H24: =IF(OR(B24<>TRIM(B24),C24<>TRIM(C24)),"extra space","OK") -> OK | I24: =IF(ISNUMBER(D24),"OK","not a date") -> OK | J24: =IF(COUNTBLANK(A24:G24)>0,"missing value","OK") -> OK | K24: =IF(ISNUMBER(G24),"OK","wrong format") -> wrong format | L24: =IF(COUNTIF($A$2:$A$32,A24)>1,"duplicate ID","OK") -> OK
A25: 1023 | B25: Daniyar | C25: Berikov | D25: 38338 | E25: daniyar.berikov@stud.univ.edu.kz | F25: +7 7027 704 14 12 | G25: 28 | H25: =IF(OR(B25<>TRIM(B25),C25<>TRIM(C25)),"extra space","OK") -> OK | I25: =IF(ISNUMBER(D25),"OK","not a date") -> OK | J25: =IF(COUNTBLANK(A25:G25)>0,"missing value","OK") -> OK | K25: =IF(ISNUMBER(G25),"OK","wrong format") -> OK | L25: =IF(COUNTIF($A$2:$A$32,A25)>1,"duplicate ID","OK") -> OK
A26: 1024 | B26: Kamilla | C26: Temirova | D26: 39256 | E26: kamilla.temirova@stud.univ.edu.kz | F26: +7 7049 134 12 86 | G26: 29 | H26: =IF(OR(B26<>TRIM(B26),C26<>TRIM(C26)),"extra space","OK") -> OK | I26: =IF(ISNUMBER(D26),"OK","not a date") -> OK | J26: =IF(COUNTBLANK(A26:G26)>0,"missing value","OK") -> OK | K26: =IF(ISNUMBER(G26),"OK","wrong format") -> OK | L26: =IF(COUNTIF($A$2:$A$32,A26)>1,"duplicate ID","OK") -> OK
A27: 1025 | B27: Askar | C27: Seitkali | D27: 38399 | E27: askar.seitkali@stud.univ.edu.kz | F27: +7 7018 848 49 50 | G27: 30 | H27: =IF(OR(B27<>TRIM(B27),C27<>TRIM(C27)),"extra space","OK") -> OK | I27: =IF(ISNUMBER(D27),"OK","not a date") -> OK | J27: =IF(COUNTBLANK(A27:G27)>0,"missing value","OK") -> OK | K27: =IF(ISNUMBER(G27),"OK","wrong format") -> OK | L27: =IF(COUNTIF($A$2:$A$32,A27)>1,"duplicate ID","OK") -> OK
A28: 1026 | B28: Sabina | C28: Mukhametova | D28: 39116 | E28: sabina.mukhametova@stud.univ.edu.kz | F28: +7 7067 659 57 15 | G28: 31 | H28: =IF(OR(B28<>TRIM(B28),C28<>TRIM(C28)),"extra space","OK") -> OK | I28: =IF(ISNUMBER(D28),"OK","not a date") -> OK | J28: =IF(COUNTBLANK(A28:G28)>0,"missing value","OK") -> OK | K28: =IF(ISNUMBER(G28),"OK","wrong format") -> OK | L28: =IF(COUNTIF($A$2:$A$32,A28)>1,"duplicate ID","OK") -> OK
A29: 1027 | B29: Olzhas | C29: Orynbassarov | D29: 38709 | E29: olzhas.orynbassarov@stud.univ.edu.kz | F29: +7 7026 912 53 55 | G29: 32 | H29: =IF(OR(B29<>TRIM(B29),C29<>TRIM(C29)),"extra space","OK") -> OK | I29: =IF(ISNUMBER(D29),"OK","not a date") -> OK | J29: =IF(COUNTBLANK(A29:G29)>0,"missing value","OK") -> OK | K29: =IF(ISNUMBER(G29),"OK","wrong format") -> OK | L29: =IF(COUNTIF($A$2:$A$32,A29)>1,"duplicate ID","OK") -> OK
A30: 1028 | B30: Malika | C30: Nazarbekova | D30: 38672 | E30: malika.nazarbekova@stud.univ.edu.kz | F30: +7 7019 992 63 13 | G30: 33 | H30: =IF(OR(B30<>TRIM(B30),C30<>TRIM(C30)),"extra space","OK") -> OK | I30: =IF(ISNUMBER(D30),"OK","not a date") -> OK | J30: =IF(COUNTBLANK(A30:G30)>0,"missing value","OK") -> OK | K30: =IF(ISNUMBER(G30),"OK","wrong format") -> OK | L30: =IF(COUNTIF($A$2:$A$32,A30)>1,"duplicate ID","OK") -> OK
A31: 1029 | B31: Rauan | C31: Kuandykov | D31: 39356 | E31: rauan.kuandykov@stud.univ.edu.kz | F31: +7 7058 488 84 11 | G31: 34 | H31: =IF(OR(B31<>TRIM(B31),C31<>TRIM(C31)),"extra space","OK") -> OK | I31: =IF(ISNUMBER(D31),"OK","not a date") -> OK | J31: =IF(COUNTBLANK(A31:G31)>0,"missing value","OK") -> OK | K31: =IF(ISNUMBER(G31),"OK","wrong format") -> OK | L31: =IF(COUNTIF($A$2:$A$32,A31)>1,"duplicate ID","OK") -> OK
A32: 1030 | B32: Assem | C32: Yerzhanova | D32: 38386 | E32: assem.yerzhanova@stud.univ.edu.kz | F32: +7 7021 754 24 42 | G32: 35 | H32: =IF(OR(B32<>TRIM(B32),C32<>TRIM(C32)),"extra space","OK") -> OK | I32: =IF(ISNUMBER(D32),"OK","not a date") -> OK | J32: =IF(COUNTBLANK(A32:G32)>0,"missing value","OK") -> OK | K32: =IF(ISNUMBER(G32),"OK","wrong format") -> OK | L32: =IF(COUNTIF($A$2:$A$32,A32)>1,"duplicate ID","OK") -> OK
A34: Red cells = errors introduced on purpose (hover for a note). Columns H–L are check formulas; Conditional Formatting highlights every problem.

Sheet Students_Cleaned
A1: student_id | B1: first_name | C1: last_name | D1: birth_date | E1: email | F1: phone | G1: group_id | H1: data_quality_note
A2: 1001 | B2: Aruzhan | C2: Nurlanova | D2: 38380 | E2: aruzhan.nurlanova@stud.univ.edu.kz | F2: +7 7010 318 36 16 | G2: 21
A3: 1002 | B3: Nursultan | C3: Serikov | D3: 38921 | E3: nursultan.serikov@stud.univ.edu.kz | F3: +7 7060 529 19 82 | G3: 22
A4: 1003 | B4: Dias | C4: Abdrakhmanov | D4: 38832 | E4: dias.abdrakhmanov@stud.univ.edu.kz | F4: +7 7044 444 21 49 | G4: 23
A5: 1004 | B5: Aisha | C5: Kenzhebayeva | D5: 38366 | E5: aisha.kenzhebayeva@stud.univ.edu.kz | F5: +7 7025 237 41 22 | G5: 24
A6: 1005 | B6: Yerkebulan | C6: Tokhtarov | D6: 38732 | E6: yerkebulan.tokhtarov@stud.univ.edu.kz | F6: +7 7072 281 97 81 | G6: 25 | H6: Duplicate row removed
A7: 1006 | B7: Dilnaz | C7: Muratova | D7: 39311 | E7: dilnaz.muratova@stud.univ.edu.kz | F7: +7 7034 849 26 63 | G7: 26 | H7: Spaces removed (TRIM)
A8: 1007 | B8: Alikhan | C8: Baimukhanov | D8: 38537 | E8: alikhan.baimukhanov@stud.univ.edu.kz | F8: +7 7060 530 37 10 | G8: 27 | H8: Group converted from text to number
A9: 1008 | B9: Tomiris | C9: Yesenova | D9: 38635 | E9: tomiris.yesenova@stud.univ.edu.kz | F9: +7 7012 315 33 60 | G9: 28
A10: 1009 | B10: Sanzhar | C10: Zhaksylykov | D10: 39040 | E10: sanzhar.zhaksylykov@stud.univ.edu.kz | F10: +7 7022 143 28 37 | G10: 29 | H10: Date converted to YYYY-MM-DD
A11: 1010 | B11: Ayaulym | C11: Kairatova | D11: 38838 | E11: ayaulym.kairatova@stud.univ.edu.kz | F11: +7 7052 950 47 59 | G11: 30 | H11: Spaces removed (TRIM)
A12: 1011 | B12: Bekzat | C12: Amanov | D12: 39116 | E12: bekzat.amanov@stud.univ.edu.kz | F12: +7 7036 696 91 41 | G12: 31
A13: 1012 | B13: Zarina | C13: Sultanova | D13: 39002 | E13: zarina.sultanova@stud.univ.edu.kz | F13: +7 7057 737 68 26 | G13: 32
A14: 1013 | B14: Arman | C14: Bekov | D14: 38226 | E14: arman.bekov@stud.univ.edu.kz | F14: +7 7027 987 59 33 | G14: 33
A15: 1014 | B15: Inkar | C15: Omarova | D15: 38786 | E15: inkar.omarova@stud.univ.edu.kz | F15: +7 7039 937 88 41 | G15: 34
A16: 1015 | B16: Temirlan | C16: Kuanyshev | D16: 38448 | E16: temirlan.kuanyshev@stud.univ.edu.kz | F16: +7 7035 803 59 71 | G16: 35
A17: 1016 | B17: Moldir | C17: Askarova | D17: 38031 | E17: moldir.askarova@stud.univ.edu.kz | F17: +7 7016 206 23 14 | G17: 21
A18: 1017 | B18: Adil | C18: Dosmukhamedov | D18: 38480 | F18: +7 7060 363 63 86 | G18: 22 | H18: Email missing – unresolved, to verify with IT service
A19: 1018 | B19: Akbota | C19: Ibrayeva | D19: 39219 | E19: akbota.ibrayeva@stud.univ.edu.kz | F19: +7 7032 837 18 26 | G19: 23
A20: 1019 | B20: Nurasyl | C20: Shaikenov | D20: 38582 | E20: nurasyl.shaikenov@stud.univ.edu.kz | F20: +7 7019 386 37 36 | G20: 24
A21: 1020 | B21: Diana | C21: Alieva | D21: 38355 | E21: diana.alieva@stud.univ.edu.kz | F21: +7 7044 521 67 41 | G21: 25
A22: 1021 | B22: Miras | C22: Zhunusov | D22: 39088 | E22: miras.zhunusov@stud.univ.edu.kz | F22: +7 7046 477 77 83 | G22: 26
A23: 1022 | B23: Aidana | C23: Kaliyeva | D23: 38760 | E23: aidana.kaliyeva@stud.univ.edu.kz | F23: +7 7027 561 52 94 | G23: 27 | H23: Group standardized to integer id
A24: 1023 | B24: Daniyar | C24: Berikov | D24: 38338 | E24: daniyar.berikov@stud.univ.edu.kz | F24: +7 7027 704 14 12 | G24: 28
A25: 1024 | B25: Kamilla | C25: Temirova | D25: 39256 | E25: kamilla.temirova@stud.univ.edu.kz | F25: +7 7049 134 12 86 | G25: 29
A26: 1025 | B26: Askar | C26: Seitkali | D26: 38399 | E26: askar.seitkali@stud.univ.edu.kz | F26: +7 7018 848 49 50 | G26: 30
A27: 1026 | B27: Sabina | C27: Mukhametova | D27: 39116 | E27: sabina.mukhametova@stud.univ.edu.kz | F27: +7 7067 659 57 15 | G27: 31
A28: 1027 | B28: Olzhas | C28: Orynbassarov | D28: 38709 | E28: olzhas.orynbassarov@stud.univ.edu.kz | F28: +7 7026 912 53 55 | G28: 32
A29: 1028 | B29: Malika | C29: Nazarbekova | D29: 38672 | E29: malika.nazarbekova@stud.univ.edu.kz | F29: +7 7019 992 63 13 | G29: 33
A30: 1029 | B30: Rauan | C30: Kuandykov | D30: 39356 | E30: rauan.kuandykov@stud.univ.edu.kz | F30: +7 7058 488 84 11 | G30: 34
A31: 1030 | B31: Assem | C31: Yerzhanova | D31: 38386 | E31: assem.yerzhanova@stud.univ.edu.kz | F31: +7 7021 754 24 42 | G31: 35

Sheet Cleaning_Log
A1: # | B1: Problem | C1: Example (student_id) | D1: Before | E1: After | F1: Action taken | G1: Excel tool used
A2: 1 | B2: Extra spaces | C2: 1006 first_name | D2: ' Dilnaz' | E2: 'Dilnaz' | F2: Removed unnecessary spaces | G2: TRIM function
A3: 2 | B3: Extra spaces | C3: 1010 last_name | D3: 'Kairatova ' | E3: 'Kairatova' | F3: Removed unnecessary spaces | G3: TRIM function
A4: 3 | B4: Inconsistent group format | C4: 1022 group_id | D4: G-27 | E4: 27 | F4: Standardized the value to the integer group_id | G4: Find & Replace (G- → empty)
A5: 4 | B5: Wrong data type (group) | C5: 1007 group_id | D5: '27' (text) | E5: 27 (number) | F5: Converted text to number | G5: VALUE function / Convert to Number
A6: 5 | B6: Inconsistent date format | C6: 1009 birth_date | D6: 19.11.2006 (text) | E6: 2006-11-19 | F6: Applied one format YYYY-MM-DD | G6: DATE + Format Cells (yyyy-mm-dd)
A7: 6 | B7: Duplicate record | C7: 1005 (rows 6 and 7) | D7: 2 identical rows | E7: 1 row | F7: Checked all fields, removed the duplicate | G7: Conditional Formatting + Remove Duplicates
A8: 7 | B8: Missing value | C8: 1017 email | D8: empty | E8: empty (flagged) | F8: Investigated; not verifiable, so flagged instead of invented | G8: COUNTBLANK, filter on blanks

Sheet Missing_Values
A1: column | B1: required? | C1: missing in Students_Cleaning | D1: missing in Students_Cleaned | E1: can be corrected from a reliable source? | F1: decision
A2: student_id | B2: Yes | C2: =COUNTBLANK(Students_Cleaning!A2:A32) -> 0 | D2: =COUNTBLANK(Students_Cleaned!A2:A31) -> 0 | E2: — | F2: No action needed
A3: first_name | B3: Yes | C3: =COUNTBLANK(Students_Cleaning!B2:B32) -> 0 | D3: =COUNTBLANK(Students_Cleaned!B2:B31) -> 0 | E3: — | F3: No action needed
A4: last_name | B4: Yes | C4: =COUNTBLANK(Students_Cleaning!C2:C32) -> 0 | D4: =COUNTBLANK(Students_Cleaned!C2:C31) -> 0 | E4: — | F4: No action needed
A5: birth_date | B5: Yes | C5: =COUNTBLANK(Students_Cleaning!D2:D32) -> 0 | D5: =COUNTBLANK(Students_Cleaned!D2:D31) -> 0 | E5: — | F5: No action needed
A6: email | B6: Yes | C6: =COUNTBLANK(Students_Cleaning!E2:E32) -> 1 | D6: =COUNTBLANK(Students_Cleaned!E2:E31) -> 1 | E6: No – university email cannot be guessed | F6: Left empty, flagged, request sent to IT service
A7: phone | B7: Yes | C7: =COUNTBLANK(Students_Cleaning!F2:F32) -> 0 | D7: =COUNTBLANK(Students_Cleaned!F2:F31) -> 0 | E7: — | F7: No action needed
A8: group_id | B8: Yes | C8: =COUNTBLANK(Students_Cleaning!G2:G32) -> 0 | D8: =COUNTBLANK(Students_Cleaned!G2:G31) -> 0 | E8: — | F8: No action needed
A9: TOTAL | C9: =SUM(C2:C8) -> 1 | D9: =SUM(D2:D8) -> 1

Sheet Duplicates
A1: check | B1: result
A2: Rows in Students_Cleaning | B2: =COUNTA(Students_Cleaning!A2:A32) -> 31
A3: Unique student_id values | B3: =SUMPRODUCT(1/COUNTIF(Students_Cleaning!A2:A32,Students_Cleaning!A2:A32)) -> 30
A4: Rows with a repeated student_id | B4: =COUNTIF(Students_Cleaning!L2:L32,"duplicate ID") -> 2
A5: Duplicates found (extra copies) | B5: =B2-B3 -> 1
A6: Duplicates removed | B6: =B2-B7 -> 1
A7: Rows in Students_Cleaned | B7: =COUNTA(Students_Cleaned!A2:A31) -> 30
A8: Same first+last name but different student_id | B8: =SUMPRODUCT((COUNTIFS(Students_Cleaned!B2:B31,Students_Cleaned!B2:B31,Students_Cleaned!C2:C31,Students_Cleaned!C2:C31)>1)*1) -> 0
A10: How checked: the two rows with student_id 1005 match in every field (name, birth_date, email, phone, group_id), so they are a genuine duplicate. No records were deleted only because of a similar name.

Sheet Data_Quality
A1: criterion | B1: question | C1: before cleaning | D1: after cleaning | E1: example from the dataset
A2: Completeness | B2: Are required fields filled in? | C2: Needs Improvement | D2: Needs Improvement | E2: Email of student 1017 is empty (1 of 210 cells); cannot be verified, so it stays flagged.
A3: Accuracy | B3: Are the values correct and verifiable? | C3: Needs Improvement | D3: Good | E3: Group 'G-27' was not a valid group_id; after cleaning every group_id exists in the Groups table.
A4: Consistency | B4: Are values written in a uniform format? | C4: Poor | D4: Good | E4: Birth date '19.11.2006' mixed with YYYY-MM-DD; now all 30 dates use YYYY-MM-DD.
A5: Uniqueness | B5: Are there any duplicate records? | C5: Needs Improvement | D5: Good | E5: student_id 1005 appeared twice; now all 30 student_id values are unique.
A6: Validity | B6: Do the values follow the required rules and formats? | C6: Needs Improvement | D6: Good | E6: group_id stored as text ('27') and spaces in names; now group_id is an integer and names are trimmed.
